{
  "chatt_tn": [
    [
      35.291540417348564,
      -85.60370042657517
    ],
    [
      35.34060141151025,
      -84.75015898826287
    ],
    [
      34.708182837175734,
      -84.74473546942224
    ],
    [
      34.67232933914259,
      -85.72880018374558
    ]
  ],
  "clev_oh": [
    [
      41.80158004375426,
      -82.32302073472867
    ],
    [
      41.971489649271774,
      -80.8838505656208
    ],
    [
      40.70948303687179,
      -80.9129462690372
    ],
    [
      40.72810955150348,
      -82.15800928759866
    ]
  ],
  "kc_mo": [
    [
      39.574371153710096,
      -95.23612876741507
    ],
    [
      39.56601749489026,
      -94.00085876574666
    ],
    [
      38.56310855127409,
      -93.93971878132338
    ],
    [
      38.66571666267005,
      -95.2028657710123
    ]
  ],
  "slc_ut": [
    [
      39.94497444951681,
      -112.48635565699072
    ],
    [
      41.90992198490149,
      -112.67303947077143
    ],
    [
      41.786044584086184,
      -111.14929805585889
    ],
    [
      39.857573904982296,
      -111.18843038434667
    ]
  ]
}